symbol,currency_base,currency_quote,exchange_used,exchange_normalized,last_close,last_datetime,ret_1d_pct,ret_7d_pct,ret_30d_pct,ret_90d_pct,ret_1y_pct,ret_ytd_pct,ret_6m_pct,vol_7d_annual_pct,vol_30d_annual_pct,sharpe_ratio,var_95_pct,atr14_pct,drawdown_90d_pct,tier1_listed,stale,data_points,coverage_ratio,enough_history_90d,enough_history_1y,return_type,returns_mode,include_today,ret_1y_suspect
"1000SATS/USD","SATS","US Dollar","Binance","binance","0.0000","2026-01-17","-4.59","11.82","29.77","-19.93","-87.22","17.30","-60.29","241.97","122.95","3.14","-5.22","9.46","44.13","true","false","425","1.000","true","true","simple","calendar","true","false"
"1INCH/USD","1inch","US Dollar","Binance","binance","0.1595","2026-01-17","-1.66","2.70","4.18","-6.62","-59.91","5.70","-50.68","124.32","73.47","1.60","-4.30","5.86","36.95","true","false","425","1.000","true","true","simple","calendar","true","false"
"AAVE/EUR","Aave","Euro","Coinbase Pro","coinbase","150.0900","2026-01-17","-0.75","5.94","-2.04","-15.49","-53.92","18.59","-45.76","70.85","78.90","0.57","-8.47","4.73","40.00","true","false","425","1.000","true","true","simple","calendar","true","false"
"AAVE/USD","Aave","US Dollar","Binance","binance","173.6800","2026-01-17","-0.95","5.30","-3.51","-15.92","-48.18","16.62","-46.01","70.28","76.69","0.35","-8.20","4.91","39.35","true","false","425","1.000","true","true","simple","calendar","true","false"
"ACA/USD","Acala Token","US Dollar","Binance","binance","0.0073","2026-01-17","-1.35","-2.67","-23.96","-60.33","-92.42","-29.13","-75.99","93.00","82.37","-3.02","-6.98","7.73","62.50","true","false","425","1.000","true","true","simple","calendar","true","false"
"ACH/USD","Alchemy Pay","US Dollar","Coinbase Pro","coinbase","0.0111","2026-01-17","-1.53","13.29","40.14","-14.73","-56.42","41.41","-51.36","125.46","82.84","6.05","-6.94","9.39","43.83","true","false","425","1.000","true","true","simple","calendar","true","false"
"ADA/EUR","Cardano","Euro","Binance","binance","0.3418","2026-01-17","0.26","2.43","9.34","-36.31","-68.90","12.77","-51.60","82.85","79.65","2.37","-4.58","5.39","51.72","true","false","425","1.000","true","true","simple","calendar","true","false"
"ADA/USD","Cardano","US Dollar","Binance","binance","0.3968","2026-01-17","0.33","2.11","8.03","-36.46","-64.98","11.30","-51.70","83.40","78.59","2.23","-5.00","5.50","51.04","true","false","425","1.000","true","true","simple","calendar","true","false"
"AE/USD","Aeternity","US Dollar","Gate.io","gate.io","0.0065","2026-01-17","-0.32","-1.43","-8.61","11.15","-79.67","0.06","5.65","79.77","50.06","0.19","-4.43","5.88","16.78","false","false","425","1.000","true","true","simple","calendar","true","false"
"AKT/USD","Akash Network","US Dollar","Gate.io","gate.io","0.4777","2026-01-17","2.93","-0.31","24.05","-29.07","-85.43","28.69","-65.46","173.74","107.04","3.86","-6.87","10.03","58.26","false","false","425","1.000","true","true","simple","calendar","true","false"
"ALGO/USD","Algorand","US Dollar","Binance","binance","0.1311","2026-01-17","0.61","-1.94","17.68","-26.06","-72.02","9.07","-58.84","80.20","68.84","3.85","-4.15","5.90","43.73","true","false","425","1.000","true","true","simple","calendar","true","false"
"ALICE/USD","MyNeighborAlice","US Dollar","Binance","binance","0.1869","2026-01-17","4.41","6.50","-0.37","-50.45","-85.08","7.91","-60.66","94.19","63.18","1.66","-6.55","6.63","53.57","true","false","425","1.000","true","true","simple","calendar","true","false"
"ALPINE/USD","Alpine F1 Team Fan Token","US Dollar","Binance","binance","0.6050","2026-01-17","-2.58","0.67","19.57","-31.25","-55.51","0.33","-29.73","45.53","64.97","4.12","-3.15","3.75","43.85","true","false","425","1.000","true","true","simple","calendar","true","false"
"AMPt/USD","Amp","US Dollar","Coinbase Pro","coinbase","0.0022","2026-01-17","0.90","4.21","22.53","-11.16","-76.33","3.72","-44.25","29.41","86.42","3.72","-3.80","7.85","37.31","true","false","425","1.000","true","true","simple","calendar","true","false"
"ANKR/USD","Ankr","US Dollar","Binance","binance","0.0073","2026-01-17","3.40","0.83","14.44","-27.68","-80.96","11.64","-58.20","77.14","60.69","3.64","-3.35","5.32","41.61","true","false","425","1.000","true","true","simple","calendar","true","false"
"APE/USD","ApeCoin","US Dollar","Binance","binance","0.2295","2026-01-17","5.37","8.97","14.81","-40.33","-80.81","7.44","-66.05","142.93","82.95","2.72","-4.43","7.09","59.30","true","false","425","1.000","true","true","simple","calendar","true","false"
"API3/USD","API3","US Dollar","Binance","binance","0.4410","2026-01-17","-1.19","-1.61","6.60","-32.37","-72.64","-2.26","-39.75","91.62","69.41","2.79","-5.41","6.07","46.55","true","false","425","1.000","true","true","simple","calendar","true","false"
"APT/USD","Aptos","US Dollar","Binance","binance","1.8650","2026-01-17","4.25","2.75","24.25","-41.57","-80.89","0.05","-64.74","113.04","90.39","3.79","-3.78","5.76","59.56","true","false","425","1.000","true","true","simple","calendar","true","false"
"ARB/USD","Arbitrum","US Dollar","Binance","binance","0.2154","2026-01-17","2.72","4.11","16.56","-29.14","-73.58","7.11","-52.09","88.50","68.36","3.91","-3.36","5.54","47.43","true","false","425","1.000","true","true","simple","calendar","true","false"
"ARPA/USD","ARPA Chain","US Dollar","Binance","binance","0.0132","2026-01-17","0.53","1.38","11.38","-34.89","-74.46","2.96","-42.84","69.80","48.79","3.74","-4.02","5.03","43.49","true","false","425","1.000","true","true","simple","calendar","true","false"
"AR/USD","Arweave","US Dollar","Binance","binance","4.0400","2026-01-17","0.25","8.31","19.53","4.12","-77.75","7.45","-45.26","96.64","78.50","4.02","-5.43","6.28","59.67","true","false","425","1.000","true","true","simple","calendar","true","false"
"ASTER/USDT","Aster","US Dollar","Binance","binance","0.7160","2026-01-17","-0.14","-0.56","0.56","","","0.70","","65.04","60.57","1.65","-4.19","6.64","37.28","true","false","49","1.000","false","false","simple","calendar","true","false"
"ASTR/USD","Astar","US Dollar","Binance","binance","0.0117","2026-01-17","4.86","5.81","14.22","-34.55","-81.65","14.55","-54.56","84.95","57.83","4.08","-3.74","5.22","47.19","true","false","425","1.000","true","true","simple","calendar","true","false"
"ATA/USD","Automata Network","US Dollar","Binance","binance","0.0198","2026-01-17","1.02","10.61","24.53","-32.65","-86.01","10.61","-63.33","105.23","69.26","4.73","-4.55","5.30","50.32","true","false","425","1.000","true","true","simple","calendar","true","false"
"ATLAS/USD","Star Atlas","US Dollar","Gate.io","gate.io","0.0003","2026-01-17","-2.44","-2.72","-0.94","-46.00","-91.21","1.19","-71.73","90.47","68.86","0.49","-4.49","11.33","51.73","false","false","425","1.000","true","true","simple","calendar","true","false"
"ATOM/EUR","Cosmos","Euro","Kraken","kraken","2.2072","2026-01-17","2.85","-0.06","33.64","-18.85","-67.83","25.61","-47.40","71.11","66.97","6.40","-4.12","5.44","43.87","true","false","425","1.000","true","true","simple","calendar","true","false"
"ATOM/USD","Cosmos","US Dollar","Binance","binance","2.5630","2026-01-17","2.77","-0.27","31.84","-18.69","-63.67","23.88","-47.21","68.08","65.24","6.37","-4.07","5.65","43.42","true","false","425","1.000","true","true","simple","calendar","true","false"
"AUDIO/EUR","Audius","Euro","BitStamp","bitstamp","0.0280","2026-01-17","0.00","16.71","9.80","-22.43","-82.13","26.40","-55.21","104.23","118.54","2.02","-11.01","7.41","47.65","true","false","425","1.000","true","true","simple","calendar","true","false"
"AUDIO/USD","Audius","US Dollar","Binance","binance","0.0312","2026-01-17","0.65","1.96","5.76","-24.64","-80.56","5.41","-53.43","51.18","44.51","3.72","-2.27","5.33","36.13","true","false","425","1.000","true","true","simple","calendar","true","false"
"A/USDT","Vaulta","US Dollar","Binance","binance","0.1280","2026-01-17","-7.18","-27.64","-16.45","-54.66","","-21.86","-77.56","160.71","103.97","-1.14","-7.18","9.99","59.09","true","false","224","1.000","true","false","simple","calendar","true","false"
"AVAX/EUR","Avalanche","Euro","Binance","binance","11.8800","2026-01-17","1.45","0.59","17.74","-30.69","-70.43","2.77","-42.22","86.50","64.83","3.99","-3.21","4.82","45.53","true","false","425","1.000","true","true","simple","calendar","true","false"
"AVAX/USD","Avalanche","US Dollar","Binance","binance","13.7600","2026-01-17","1.25","0.15","15.92","-31.06","-66.75","1.25","-42.45","84.28","63.39","3.82","-3.29","5.01","45.05","true","false","425","1.000","true","true","simple","calendar","true","false"
"AXS/EUR","Axie Infinity","Euro","Kraken","kraken","1.5960","2026-01-17","40.49","92.99","115.68","19.82","-75.67","115.68","-29.78","347.10","188.29","6.19","-5.71","9.98","51.80","true","false","425","1.000","true","true","simple","calendar","true","false"
"AXS/USD","Axie Infinity","US Dollar","Binance","binance","1.8790","2026-01-17","41.92","96.55","115.98","21.54","-72.10","115.73","-28.96","349.63","190.64","6.24","-5.23","9.49","50.79","true","false","425","1.000","true","true","simple","calendar","true","false"
"BADGER/USD","Badger DAO","US Dollar","Coinbase Pro","coinbase","0.5900","2026-01-17","1.72","9.26","11.32","-27.16","-86.28","9.26","-51.24","32.11","38.47","4.14","-1.89","5.08","38.82","true","false","425","1.000","true","true","simple","calendar","true","false"
"BAL/USD","Balancer","US Dollar","Coinbase Pro","coinbase","0.5472","2026-01-17","-0.45","1.11","-10.95","-44.26","-82.22","-8.45","-55.84","44.19","36.91","-3.62","-2.76","3.75","49.48","true","false","425","1.000","true","true","simple","calendar","true","false"
"BAND/USD","Band Protocol","US Dollar","Binance","binance","0.3530","2026-01-17","2.92","2.92","14.24","-32.38","-76.50","3.22","-50.56","81.34","56.88","3.51","-4.36","5.20","45.31","true","false","425","1.000","true","true","simple","calendar","true","false"
"BAT/EUR","Basic Attention Token","Euro","Kraken","kraken","0.1823","2026-01-17","7.09","4.43","1.87","11.26","-29.14","-2.90","32.87","110.64","81.18","0.42","-5.52","5.72","31.51","true","false","425","1.000","true","true","simple","calendar","true","false"
"BAT/USD","Basic Attention Token","US Dollar","Binance","binance","0.2112","2026-01-17","6.83","3.48","0.28","11.51","-20.03","-4.95","33.25","99.40","81.04","0.19","-6.16","6.48","31.40","true","false","425","1.000","true","true","simple","calendar","true","false"
"BCH/EUR","Bitcoin Cash","Euro","Binance","binance","511.1000","2026-01-17","-1.10","-7.59","9.94","26.57","7.53","1.49","18.97","39.39","63.23","1.38","-4.52","4.47","14.99","true","false","425","1.000","true","true","simple","calendar","true","false"
"BCH/USD","Bitcoin Cash","US Dollar","Binance","binance","593.4000","2026-01-17","-1.02","-7.84","8.54","26.31","21.25","0.03","18.68","38.55","61.96","1.19","-4.22","4.70","15.46","true","false","425","1.000","true","true","simple","calendar","true","false"
"BLAST/USD","Blast","US Dollar","Bybit","bybit","0.0008","2026-01-17","1.90","-1.31","18.14","-41.96","335.26","16.64","-70.58","96.76","70.91","3.83","-5.61","7.16","56.63","true","false","425","1.000","true","true","simple","calendar","true","false"
"BLOK/USD","Bloktopia","US Dollar","KuCoin","kucoin","0.0000","2026-01-17","-3.52","-34.82","-77.45","-85.21","-96.80","-73.36","-91.27","281.12","175.55","-9.32","-23.60","47.29","88.01","true","false","425","1.000","true","true","simple","calendar","true","false"
"BLUR/USD","Blur","US Dollar","Binance","binance","0.0380","2026-01-17","8.55","16.80","37.39","-25.42","-84.06","28.81","-58.01","194.20","102.47","4.83","-4.25","9.66","50.90","true","false","425","1.000","true","true","simple","calendar","true","false"
"BLZE/USD","Bluzelle","US Dollar","Gate.io","gate.io","0.0176","2026-01-17","0.17","-10.07","17.66","-29.39","-69.99","17.03","-53.38","61.10","323.43","2.02","-12.36","14.39","54.65","false","false","425","1.000","true","true","simple","calendar","true","false"
"BNT/USD","Bancor","US Dollar","OKEx","okx","0.4397","2026-01-17","1.06","4.29","12.14","-23.91","-38.49","6.85","-42.78","53.42","43.37","3.66","-2.94","3.64","37.41","true","false","425","1.000","true","true","simple","calendar","true","false"
"BOME/USDT","BOOK OF MEME","US Dollar","Binance","binance","0.0007","2026-01-17","-2.78","-4.45","17.70","-36.18","","11.95","-71.25","98.67","129.12","2.40","-5.52","10.25","52.83","true","false","238","1.000","true","false","simple","calendar","true","false"
"BONK/USDT","Bonk","US Dollar","Binance","binance","0.0000","2026-01-17","-3.16","-0.86","27.57","-26.17","","26.80","-70.42","113.99","134.04","3.44","-4.26","11.42","51.34","true","false","238","1.000","true","false","simple","calendar","true","false"
"BRETT/USD","Brett","US Dollar","Bybit","bybit","0.0166","2026-01-17","-1.42","-6.21","17.22","-36.65","-87.42","11.40","-72.73","105.77","118.11","2.76","-6.36","11.31","56.28","true","false","425","1.000","true","true","simple","calendar","true","false"
"BSV/USD","Bitcoin SV","US Dollar","Huobi","huobi","19.4065","2026-01-17","-0.99","0.09","9.74","-10.40","-67.06","9.64","-33.18","45.71","70.37","2.29","-3.58","5.63","32.48","true","false","425","1.000","true","true","simple","calendar","true","false"
"BTS/USD","BitShares","US Dollar","Gate.io","gate.io","0.0012","2026-01-17","1.08","-5.98","14.69","13.10","-12.11","4.03","-9.66","34.30","39.83","4.27","-3.39","4.42","9.67","false","false","425","1.000","true","true","simple","calendar","true","false"
"BTTN/USD","BitTorrent","US Dollar","Binance","binance","0.0000","2026-01-17","4.88","0.00","13.16","-14.00","-99.98","7.50","-38.57","78.54","64.73","2.12","-4.65","7.64","25.49","true","false","425","1.000","true","true","simple","calendar","true","false"
"BTT/USD","BitTorrent (New)","US Dollar","Binance","binance","0.0000","2026-01-17","4.88","2.38","13.16","-14.00","-64.46","7.50","-39.44","81.28","65.74","2.09","-5.00","7.64","25.49","true","false","425","1.000","true","true","simple","calendar","true","false"
"C98/USD","Coin98","US Dollar","Binance","binance","0.0252","2026-01-17","2.44","1.20","12.00","-31.89","-84.60","6.78","-57.72","86.05","63.19","3.42","-3.56","6.18","45.41","true","false","425","1.000","true","true","simple","calendar","true","false"
"CAKE/USD","PancakeSwap","US Dollar","Binance","binance","2.1000","2026-01-17","0.00","2.49","13.27","-26.16","-17.09","5.74","-19.29","58.86","47.54","4.21","-2.86","4.57","38.27","true","false","425","1.000","true","true","simple","calendar","true","false"
"CEEK/USD","CEEK VR","US Dollar","Gate.io","gate.io","0.0052","2026-01-17","0.39","-2.48","24.59","-22.28","-85.91","9.43","-53.02","45.09","110.60","2.85","-8.17","7.28","43.00","false","false","425","1.000","true","true","simple","calendar","true","false"
"CELO/USD","Celo","US Dollar","Binance","binance","0.1373","2026-01-17","1.70","5.13","6.77","-46.37","-79.92","18.16","-60.41","100.81","80.52","2.35","-5.59","6.97","58.63","true","false","425","1.000","true","true","simple","calendar","true","false"
"CELR/USD","Celer Network","US Dollar","Binance","binance","0.0043","2026-01-17","0.98","4.25","20.36","-21.36","-77.21","11.41","-50.56","96.63","68.17","4.62","-5.20","6.44","45.22","true","false","425","1.000","true","true","simple","calendar","true","false"
"CFX/USD","Conflux","US Dollar","Binance","binance","0.0795","2026-01-17","3.92","3.79","16.91","-25.77","-55.14","6.43","-22.29","74.71","78.81","3.30","-4.61","5.56","43.17","true","false","425","1.000","true","true","simple","calendar","true","false"
"CGLD/USD","Celo","US Dollar","Coinbase Pro","coinbase","0.1370","2026-01-17","0.74","5.38","6.20","-46.48","-79.97","17.09","-60.63","103.78","79.52","2.26","-4.72","8.39","58.43","true","false","425","1.000","true","true","simple","calendar","true","false"
"CHR/USD","Chromia","US Dollar","Binance","binance","0.0479","2026-01-17","3.68","9.11","14.05","-30.07","-79.38","10.88","-50.67","122.00","73.23","4.09","-3.25","6.77","52.49","true","false","425","1.000","true","true","simple","calendar","true","false"
"CHZ/USD","Chiliz","US Dollar","Binance","binance","0.0613","2026-01-17","6.00","20.80","110.04","86.86","-31.69","49.08","44.13","70.98","111.22","8.86","-3.94","6.68","19.65","true","false","425","1.000","true","true","simple","calendar","true","false"
"CKB/USD","Nervos Network","US Dollar","Binance","binance","0.0028","2026-01-17","2.24","2.54","20.09","-13.21","-75.79","12.98","-38.22","102.26","71.85","4.13","-4.34","5.79","35.70","true","false","425","1.000","true","true","simple","calendar","true","false"
"COMP/USD","Compound","US Dollar","Binance","binance","26.9000","2026-01-17","-0.70","1.93","3.82","-19.32","-69.98","5.95","-46.32","39.52","41.93","2.80","-2.86","4.16","37.94","true","false","425","1.000","true","true","simple","calendar","true","false"
"CORE/USD","Core","US Dollar","Bybit","bybit","0.1361","2026-01-17","7.84","9.94","1.80","-43.34","-100.00","19.28","-75.88","87.26","76.12","1.70","-5.12","6.96","59.97","true","false","425","1.000","true","true","simple","calendar","true","false"
"CORE/USD","cVault.finance","US Dollar","Gate.io","gate.io","0.1351","2026-01-17","6.88","9.04","0.97","-43.80","-87.19","18.20","-76.05","83.16","74.51","1.57","-4.95","6.88","59.86","false","false","425","1.000","true","true","simple","calendar","true","false"
"COTI/USD","COTI","US Dollar","Binance","binance","0.0224","2026-01-17","3.84","4.13","10.87","-31.93","-82.55","2.70","-61.78","110.32","70.12","2.02","-5.00","6.32","64.59","true","false","425","1.000","true","true","simple","calendar","true","false"
"COVAL/USD","Circuits of Value","US Dollar","Gate.io","gate.io","0.0001","2026-01-17","-3.78","-9.09","14.52","-76.83","-91.83","18.37","-85.80","111.60","254.68","2.29","-19.23","16.15","83.74","false","false","425","1.000","true","true","simple","calendar","true","false"
"CRO/USD","Crypto.com Coin","US Dollar","Kucoin","kucoin","0.1019","2026-01-17","0.27","1.37","11.60","-28.66","-30.50","8.34","-13.52","34.38","48.89","3.23","-2.67","4.41","41.32","true","false","425","1.000","true","true","simple","calendar","true","false"
"CRV/EUR","Curve DAO Token","Euro","Coinbase Pro","coinbase","0.3593","2026-01-17","-2.15","2.57","18.97","-17.93","-64.59","7.35","-58.64","102.24","77.08","3.81","-3.68","6.22","41.91","true","false","425","1.000","true","true","simple","calendar","true","false"
"CRV/USD","Curve DAO Token","US Dollar","Binance","binance","0.4158","2026-01-17","-2.44","2.11","17.26","-18.44","-60.14","5.67","-58.60","94.78","74.76","3.67","-3.48","6.51","41.49","true","false","425","1.000","true","true","simple","calendar","true","false"
"CSPR/USD","Casper","US Dollar","Huobi","huobi","0.0050","2026-01-17","-1.94","-0.12","12.16","-36.91","-71.96","10.03","-58.29","41.70","94.88","2.23","-5.62","8.13","48.04","true","false","425","1.000","true","true","simple","calendar","true","false"
"CTSI/USD","Cartesi","US Dollar","Binance","binance","0.0375","2026-01-17","0.27","6.84","15.38","-30.17","-76.77","12.61","-49.32","74.33","63.88","4.28","-2.47","5.89","44.53","true","false","425","1.000","true","true","simple","calendar","true","false"
"CVC/USD","Civic","US Dollar","Binance","binance","0.0477","2026-01-17","1.17","-1.04","17.70","-21.34","-72.25","11.20","-54.08","54.69","66.81","4.10","-3.49","7.14","40.02","true","false","425","1.000","true","true","simple","calendar","true","false"
"CVX/USD","Convex Finance","US Dollar","Binance","binance","2.0990","2026-01-17","3.40","5.06","25.69","-8.34","-56.89","22.32","-53.37","83.08","157.24","2.67","-5.23","6.83","33.13","true","false","425","1.000","true","true","simple","calendar","true","false"
"DASH/EUR","Dash","Euro","Kraken","kraken","64.6940","2026-01-17","-12.75","102.17","99.14","74.39","52.69","76.05","228.25","427.77","231.43","4.91","-8.15","12.27","71.13","true","false","425","1.000","true","true","simple","calendar","true","false"
"DASH/USD","Dash","US Dollar","Binance","binance","74.4600","2026-01-17","-13.11","99.68","95.43","72.24","70.94","71.76","229.03","422.83","228.33","4.86","-8.40","12.24","70.51","true","false","425","1.000","true","true","simple","calendar","true","false"
"DATA/USD","Streamr DATAcoin","US Dollar","Gate.io","gate.io","0.0049","2026-01-17","0.04","-4.96","-9.68","-44.48","-89.28","-19.08","-73.89","84.38","89.88","-0.37","-7.96","7.34","46.44","false","false","425","1.000","true","true","simple","calendar","true","false"
"DBC/USD","DeepBrain Chain","US Dollar","Gate.io","gate.io","0.0002","2026-01-17","-2.03","21.51","21.80","-51.07","-91.83","24.73","-61.24","150.14","141.47","2.98","-12.49","16.70","69.41","false","false","425","1.000","true","true","simple","calendar","true","false"
"DCR/USD","Decred","US Dollar","Binance","binance","22.9200","2026-01-17","-11.23","45.89","39.25","36.84","50.10","31.50","38.66","210.38","147.58","3.83","-10.52","11.64","66.16","true","false","425","1.000","true","true","simple","calendar","true","false"
"DENT/USD","Dent","US Dollar","Binance","binance","0.0002","2026-01-17","-0.44","0.45","5.14","-49.10","-84.50","8.17","-70.04","83.03","68.30","2.22","-5.68","6.51","58.16","true","false","425","1.000","true","true","simple","calendar","true","false"
"DGB/USD","DigiByte","US Dollar","OKEx","okx","0.0069","2026-01-17","12.29","16.14","22.69","7.78","-49.66","14.55","-26.02","104.93","63.76","4.85","-3.95","5.92","48.85","true","false","425","1.000","true","true","simple","calendar","true","false"
"DOGE/EUR","Dogecoin","Euro","Binance","binance","0.1190","2026-01-17","-0.08","-0.85","10.72","-25.07","-70.45","10.32","-36.58","78.19","77.30","2.44","-4.52","5.59","43.58","true","false","425","1.000","true","true","simple","calendar","true","false"
"DOGE/USD","Dogecoin","US Dollar","Binance","binance","0.1380","2026-01-17","-0.09","-1.18","9.24","-25.28","-66.77","8.81","-36.77","78.43","76.14","2.29","-4.77","5.71","42.91","true","false","425","1.000","true","true","simple","calendar","true","false"
"DOGS/USDT","DOGS","US Dollar","Binance","binance","0.0000","2026-01-17","-0.64","3.54","16.13","-31.58","","11.96","-70.34","113.21","99.81","2.00","-5.67","11.78","47.03","true","false","238","1.000","true","false","simple","calendar","true","false"
"DOT/USD","Dotcoin","US Dollar","Binance","binance","2.1800","2026-01-17","2.88","4.16","20.04","-24.62","-70.98","9.05","-48.83","98.25","84.40","3.47","-4.03","5.56","48.41","true","false","425","1.000","true","true","simple","calendar","true","false"
"DPY/USD","Delphy","US Dollar","Gate.io","gate.io","0.0006","2026-01-17","-7.33","-3.05","-58.72","-89.38","-62.53","-54.31","-93.09","393.80","336.52","-1.58","-33.95","68.40","93.19","false","false","425","1.000","true","true","simple","calendar","true","false"
"DUSK/USD","Dusk Network","US Dollar","Binance","binance","0.1193","2026-01-17","14.05","99.83","209.07","148.54","-46.60","144.47","75.18","514.81","263.63","6.38","-4.55","10.86","56.64","true","false","425","1.000","true","true","simple","calendar","true","false"
"DYDX/USD","dYdX","US Dollar","Binance","binance","0.1957","2026-01-17","-1.66","-3.69","15.25","-40.04","-86.52","6.71","-70.57","102.69","73.95","3.57","-5.25","6.91","54.73","true","false","425","1.000","true","true","simple","calendar","true","false"
"DYM/USD","Dymension","US Dollar","Binance","binance","0.0701","2026-01-17","-2.09","-0.28","2.94","-39.25","-94.89","-0.28","-75.83","127.79","80.22","1.29","-5.43","7.84","54.63","true","false","425","1.000","true","true","simple","calendar","true","false"
"EGLD/EUR","Elrond","Euro","Binance","binance","5.7100","2026-01-17","7.33","2.70","4.20","-30.20","-84.28","13.75","-60.26","94.99","73.65","1.22","-5.01","6.37","47.25","true","false","425","1.000","true","true","simple","calendar","true","false"
"EGLD/USD","Elrond","US Dollar","Binance","binance","6.6300","2026-01-17","7.11","2.63","3.11","-30.43","-82.28","11.99","-60.28","95.05","73.82","1.09","-4.50","6.87","46.21","true","false","425","1.000","true","true","simple","calendar","true","false"
"ELF/USD","aelf","US Dollar","Huobi","huobi","0.1010","2026-01-17","-0.59","-14.19","14.64","-28.87","-78.05","16.90","-54.17","66.33","100.84","2.10","-5.02","12.58","42.67","true","false","425","1.000","true","true","simple","calendar","true","false"
"ELON/USD","Dogelon Mars","US Dollar","Kucoin","kucoin","0.0000","2026-01-17","-0.19","3.70","6.61","-27.02","-74.11","5.35","-58.79","384.77","180.65","1.30","-4.76","11.67","38.13","true","false","425","1.000","true","true","simple","calendar","true","false"
"ENA/USD","Ethena","US Dollar","Binance","binance","0.2190","2026-01-17","-1.08","-3.57","7.20","-49.72","-77.28","0.64","-42.16","118.19","86.91","1.83","-6.35","7.69","61.22","true","false","425","1.000","true","true","simple","calendar","true","false"
"ENJ/USD","Enjin Coin","US Dollar","Binance","binance","0.0343","2026-01-17","5.71","11.52","27.92","-23.57","-84.21","16.45","-57.22","117.51","74.56","4.98","-5.12","6.75","45.18","true","false","425","1.000","true","true","simple","calendar","true","false"
"ENS/USD","Ethereum Name Service","US Dollar","Binance","binance","10.3800","2026-01-17","0.97","-0.38","10.31","-31.35","-71.27","5.92","-62.66","74.06","56.47","3.29","-4.62","5.46","44.99","true","false","425","1.000","true","true","simple","calendar","true","false"
"ERG/USD","Ergo","US Dollar","Kucoin","kucoin","0.4745","2026-01-17","-0.84","5.40","1.74","-22.58","-75.37","-1.21","-59.68","94.62","81.73","1.06","-5.41","5.45","42.18","true","false","425","1.000","true","true","simple","calendar","true","false"
"ETC/EUR","Ethereum Classic","Euro","Coinbase Pro","coinbase","11.1000","2026-01-17","1.19","2.97","8.19","-15.85","-59.62","8.29","-36.21","75.11","56.31","2.69","-3.37","4.21","37.03","true","false","425","1.000","true","true","simple","calendar","true","false"
"ETC/USD","Ethereum Classic","US Dollar","Binance","binance","12.8400","2026-01-17","0.63","2.39","6.38","-16.41","-54.58","6.47","-36.62","74.42","56.47","2.37","-3.66","4.70","35.90","true","false","425","1.000","true","true","simple","calendar","true","false"
"ETH/EUR","Ethereum","Euro","Binance","binance","2852.6700","2026-01-17","0.41","7.56","18.30","-13.36","-15.38","11.76","-4.63","58.20","42.75","4.95","-1.79","3.26","32.81","true","false","425","1.000","true","true","simple","calendar","true","false"
"ETHFI/USD","ether.fi","US Dollar","Binance","binance","0.7420","2026-01-17","-0.40","1.23","2.91","-30.91","-65.08","0.41","-43.83","96.29","77.48","1.69","-5.28","6.19","37.89","true","false","425","1.000","true","true","simple","calendar","true","false"
"ETH/USD","Ethereum","US Dollar","Binance","binance","3306.6400","2026-01-17","0.31","7.12","16.70","-13.70","-4.81","10.07","-4.90","56.56","41.44","4.74","-1.96","3.28","33.49","true","false","425","1.000","true","true","simple","calendar","true","false"
"EUL/USD","Euler","US Dollar","Gate.io","gate.io","2.1870","2026-01-17","-2.41","-24.17","-28.32","-71.68","-54.58","-30.26","-84.51","65.38","70.50","-4.82","-8.14","9.90","76.62","false","false","425","1.000","true","true","simple","calendar","true","false"
"EWT/USD","Energy Web Token","US Dollar","Kraken","kraken","0.7560","2026-01-17","-2.20","-3.69","3.00","-3.69","-49.80","-9.03","-59.00","30.56","104.07","2.38","-9.06","7.37","31.90","true","false","425","1.000","true","true","simple","calendar","true","false"
"FARTCOIN/USDT","Fartcoin","US Dollar","Gate.io","gate.io","0.3595","2026-01-17","-5.59","-2.73","16.87","-1.10","","23.67","-74.38","140.77","138.04","4.07","-8.24","13.98","49.23","false","false","238","1.000","true","false","simple","calendar","true","false"
"FET/USD","Fetch","US Dollar","Binance","binance","0.2780","2026-01-17","-0.47","-0.82","36.48","3.58","-80.21","30.33","-63.80","65.67","85.68","5.43","-4.29","8.40","46.60","true","false","425","1.000","true","true","simple","calendar","true","false"
"FIL/EUR","Filecoin","Euro","Coinbase Pro","coinbase","1.3400","2026-01-17","2.29","5.51","28.85","6.35","-76.49","6.35","-42.49","81.45","87.37","4.34","-5.15","7.09","65.17","true","false","425","1.000","true","true","simple","calendar","true","false"
"FIL/USD","Filecoin","US Dollar","Binance","binance","1.5510","2026-01-17","2.04","4.66","26.61","5.87","-73.40","4.59","-42.73","77.26","86.79","4.14","-5.53","6.82","64.98","true","false","425","1.000","true","true","simple","calendar","true","false"
"FINE/USD","Refinable","US Dollar","Gate.io","gate.io","0.0005","2026-01-17","0.71","2.13","8.87","-60.79","-74.27","1.83","-63.66","52.75","37.63","3.23","-2.89","4.76","61.66","false","false","425","1.000","true","true","simple","calendar","true","false"
"FITFI/USD","Step App","US Dollar","Huobi","huobi","0.0008","2026-01-17","27.86","23.04","95.62","-5.03","-72.47","69.80","-46.70","294.90","367.73","3.73","-20.16","15.76","51.42","true","false","425","1.000","true","true","simple","calendar","true","false"
"FLOKI/USDT","FLOKI","US Dollar","Binance","binance","0.0001","2026-01-17","-2.62","-2.50","24.26","-22.82","","13.58","-61.51","96.20","93.43","3.92","-3.63","8.17","51.84","true","false","238","1.000","true","false","simple","calendar","true","false"
"FLOW/USD","Flow","US Dollar","Binance","binance","0.0880","2026-01-17","0.00","-3.30","-50.00","-67.29","-89.12","4.76","-78.54","40.67","137.39","-5.05","-11.61","8.12","70.88","true","false","425","1.000","true","true","simple","calendar","true","false"
"FLUX/USD","Flux","US Dollar","Binance","binance","0.1179","2026-01-17","6.89","9.37","15.59","-3.99","-80.74","11.54","-53.86","84.81","67.36","3.31","-4.95","6.55","56.33","true","false","425","1.000","true","true","simple","calendar","true","false"
"FTT/USD","FTX Token","US Dollar","Binance","binance","0.5280","2026-01-17","0.23","5.85","3.13","-35.14","-79.97","11.30","-40.69","45.64","89.46","1.63","-4.55","6.29","50.29","true","false","425","1.000","true","true","simple","calendar","true","false"
"FXS/USD","Frax Share","US Dollar","Binance","binance","0.8120","2026-01-17","0.00","6.42","24.73","-39.27","-77.78","27.27","-75.11","156.54","141.39","2.89","-6.67","11.53","57.48","true","false","425","1.000","true","true","simple","calendar","true","false"
"GALA/USD","Gala","US Dollar","Binance","binance","0.0078","2026-01-17","7.30","9.87","25.04","-27.13","-81.08","23.85","-58.14","108.99","79.43","4.65","-3.17","6.97","49.00","true","false","425","1.000","true","true","simple","calendar","true","false"
"GAS/USD","Gas","US Dollar","OKEx","okx","2.1250","2026-01-17","-0.75","-1.16","17.14","-16.47","-60.92","3.86","-36.55","65.63","63.83","3.93","-3.88","4.78","35.00","true","false","425","1.000","true","true","simple","calendar","true","false"
"GIGGLE/USDT","Giggle Fund","US Dollar","Binance","binance","61.9000","2026-01-17","-3.11","-2.76","-5.42","","","-9.22","","77.12","92.23","1.20","-6.58","10.25","37.27","true","false","44","1.000","false","false","simple","calendar","true","false"
"GLMR/USD","Moonbeam","US Dollar","Binance","binance","0.0270","2026-01-17","-6.90","12.50","12.97","-34.15","-88.39","13.92","-65.82","115.93","66.63","3.22","-3.27","8.57","44.58","true","false","425","1.000","true","true","simple","calendar","true","false"
"GMTn/USD","STEPN","US Dollar","Binance","binance","0.0194","2026-01-17","4.92","-12.05","37.86","-27.06","-85.90","26.20","-62.89","118.55","129.21","4.04","-6.77","10.49","53.12","true","false","425","1.000","true","true","simple","calendar","true","false"
"GMX/USD","GMX","US Dollar","Crypto.com Exchange","crypto.comexchange","8.0160","2026-01-17","0.33","0.51","2.98","-23.34","-69.90","1.66","-40.93","81.71","55.39","0.92","-4.22","4.24","28.94","false","false","425","1.000","true","true","simple","calendar","true","false"
"GMX/USD","GoldMaxCoin","US Dollar","Binance","binance","8.0000","2026-01-17","0.00","0.00","2.83","-22.41","-69.88","1.01","-40.92","73.18","50.59","0.90","-4.02","5.30","28.08","true","false","425","1.000","true","true","simple","calendar","true","false"
"GNO/EUR","Gnosis","Euro","Kraken","kraken","128.3900","2026-01-17","2.69","8.53","33.75","20.18","-48.91","16.47","2.52","30.17","46.58","7.15","-2.55","5.03","20.20","true","false","425","1.000","true","true","simple","calendar","true","false"
"GNO/USD","Gnosis","US Dollar","Binance","binance","147.7500","2026-01-17","1.34","6.85","30.39","19.09","-41.81","12.93","4.29","35.50","34.13","9.48","-2.04","3.42","18.95","true","false","425","1.000","true","true","simple","calendar","true","false"
"GNS/USD","Gains Network","US Dollar","Binance","binance","1.0050","2026-01-17","-0.89","-6.77","-18.23","-25.88","-38.76","-12.53","-47.52","96.70","57.34","-3.82","-5.56","6.19","37.72","true","false","425","1.000","true","true","simple","calendar","true","false"
"GNT/USD","Golem","US Dollar","Huobi","huobi","0.2515","2026-01-17","-10.63","-14.63","27.86","44.04","-37.99","10.26","-11.54","132.16","82.24","3.92","-10.63","9.90","24.32","true","false","425","1.000","true","true","simple","calendar","true","false"
"GRIN/USD","Grin","US Dollar","Gate.io","gate.io","0.0403","2026-01-17","0.47","15.88","13.18","4.05","27.01","14.99","-24.86","70.61","49.75","5.42","-2.41","6.53","30.79","false","false","425","1.000","true","true","simple","calendar","true","false"
"GRT/EUR","The Graph","Euro","Binance","binance","0.0369","2026-01-17","2.99","3.31","16.45","-30.79","-83.85","20.25","-59.69","72.44","77.44","3.48","-5.55","7.55","53.72","true","false","425","1.000","true","true","simple","calendar","true","false"
"GRT/USD","The Graph","US Dollar","Binance","binance","0.0428","2026-01-17","3.04","2.76","14.43","-31.05","-81.80","18.62","-59.78","72.93","73.75","3.29","-4.90","6.77","52.52","true","false","425","1.000","true","true","simple","calendar","true","false"
"GST/USD","Green Satoshi Token (SOL)","US Dollar","Coinbase Pro","coinbase","0.0020","2026-01-17","0.10","-5.90","-2.43","-45.08","-87.93","9.84","-71.49","117.59","100.13","0.55","-9.71","11.21","54.99","true","false","425","1.000","true","true","simple","calendar","true","false"
"GTC/USD","Global Tour Coin","US Dollar","Gate.io","gate.io","0.0000","2026-01-17","-3.70","-29.46","-83.57","-87.46","-98.22","-83.32","-90.25","440.47","346.10","-3.25","-49.97","112.21","90.32","false","false","425","1.000","true","true","simple","calendar","true","false"
"HBAR/USD","Hedera Hashgraph","US Dollar","Binance","binance","0.1184","2026-01-17","-0.14","0.50","7.76","-27.13","-68.37","3.59","-57.17","62.96","65.39","2.55","-4.52","5.69","47.83","true","false","425","1.000","true","true","simple","calendar","true","false"
"HEROm/USD","Metahero","US Dollar","Gate.io","gate.io","0.0008","2026-01-17","-1.43","1.94","8.62","-18.25","-51.59","6.80","-30.14","43.78","37.60","3.03","-2.27","4.48","30.59","false","false","425","1.000","true","true","simple","calendar","true","false"
"HMSTR/USDT","Hamster Kombat","US Dollar","Binance","binance","0.0003","2026-01-17","2.47","-0.31","29.90","-36.34","","16.91","-71.45","99.99","82.88","1.41","-4.93","8.17","54.27","true","false","224","1.000","true","false","simple","calendar","true","false"
"HNT/USD","Helium","US Dollar","Gate.io","gate.io","1.3682","2026-01-17","-1.17","-2.27","-17.33","-28.67","-72.87","-10.11","-60.60","63.55","70.95","-2.62","-5.91","5.66","46.26","false","false","425","1.000","true","true","simple","calendar","true","false"
"HOT/USD","Holo","US Dollar","Binance","binance","0.0005","2026-01-17","0.19","-1.12","13.03","-22.21","-80.62","4.96","-49.62","59.14","62.10","3.31","-3.00","5.68","38.37","true","false","425","1.000","true","true","simple","calendar","true","false"
"HTR/USD","Hathor","US Dollar","KuCoin","kucoin","0.0114","2026-01-17","1.87","11.96","16.41","-61.97","-84.97","-4.75","-38.57","75.98","105.47","2.52","-7.02","7.95","72.44","true","false","425","1.000","true","true","simple","calendar","true","false"
"HT/USD","Huobi Token","US Dollar","Gate.io","gate.io","0.2235","2026-01-17","0.40","5.57","9.18","-29.20","-81.58","8.08","-9.40","53.60","44.62","2.13","-2.91","7.47","49.03","false","false","425","1.000","true","true","simple","calendar","true","false"
"ICP/USD","Internet Computer","US Dollar","Binance","binance","4.0050","2026-01-17","-4.16","25.67","38.92","33.10","-64.72","33.41","-30.35","229.33","137.18","3.78","-6.10","9.70","68.71","true","false","425","1.000","true","true","simple","calendar","true","false"
"ICX/USD","ICON","US Dollar","Binance","binance","0.0602","2026-01-17","0.84","2.56","14.23","-30.08","-69.70","8.86","-56.66","62.45","54.87","4.18","-3.78","5.59","46.55","true","false","425","1.000","true","true","simple","calendar","true","false"
"ILV/USD","Illuvium","US Dollar","Binance","binance","6.7000","2026-01-17","10.02","13.56","17.54","-39.59","-83.82","12.23","-50.07","112.72","69.59","3.70","-4.55","5.99","56.57","true","false","425","1.000","true","true","simple","calendar","true","false"
"INJ/USD","Injective Protocol","US Dollar","Binance","binance","5.2970","2026-01-17","0.15","1.92","14.41","-36.56","-78.58","16.75","-62.25","113.35","91.22","2.79","-6.51","7.04","53.55","true","false","425","1.000","true","true","simple","calendar","true","false"
"INK/USD","Ink","US Dollar","Gate.io","gate.io","0.0007","2026-01-17","1.22","4.31","230.74","1.67","-33.72","37.96","-22.74","82.64","175.16","8.48","-9.79","9.80","87.27","false","false","425","1.000","true","true","simple","calendar","true","false"
"IOST/USD","IOST","US Dollar","Binance","binance","0.0017","2026-01-17","0.42","-2.29","12.13","-29.94","-77.30","-10.87","-55.05","56.50","71.52","2.61","-6.91","5.86","41.80","true","false","425","1.000","true","true","simple","calendar","true","false"
"IOTA/USD","IOTA","US Dollar","OKEx","okx","0.0952","2026-01-17","0.39","-6.03","5.57","-31.00","-76.10","12.18","-60.56","88.82","84.75","2.07","-4.52","9.37","46.41","true","false","425","1.000","true","true","simple","calendar","true","false"
"IOT/USD","IOTA","US Dollar","Binance","binance","0.0953","2026-01-17","0.53","-5.92","5.89","-30.89","-76.10","12.25","-60.57","90.65","84.19","2.08","-4.46","9.80","46.25","true","false","425","1.000","true","true","simple","calendar","true","false"
"IOTX/USD","IoTeX","US Dollar","Binance","binance","0.0085","2026-01-17","3.14","-6.98","19.30","-31.92","-78.94","8.11","-63.84","67.23","61.52","4.42","-5.66","6.00","45.38","true","false","425","1.000","true","true","simple","calendar","true","false"
"JASMY/USD","JasmyCoin","US Dollar","Coinbase Pro","coinbase","0.0082","2026-01-17","-0.85","-5.31","37.75","-15.27","-77.09","38.92","-52.63","68.24","137.45","3.74","-5.62","11.80","48.30","true","false","425","1.000","true","true","simple","calendar","true","false"
"JOE/USD","JOE","US Dollar","Binance","binance","0.0641","2026-01-17","0.47","-2.14","7.19","-43.37","-83.92","-3.32","-63.83","89.79","77.22","2.59","-5.15","6.66","53.94","true","false","425","1.000","true","true","simple","calendar","true","false"
"KAVA/EUR","Kava.io","Euro","Kraken","kraken","0.0786","2026-01-17","0.38","6.36","17.14","-37.27","-84.41","17.84","-79.02","62.57","65.13","4.79","-4.41","5.63","57.17","true","false","425","1.000","true","true","simple","calendar","true","false"
"KAVA/USD","Kava","US Dollar","Binance","binance","0.0907","2026-01-17","-0.77","5.34","15.25","-37.83","-82.46","15.54","-79.12","60.70","63.03","4.61","-4.28","6.34","56.72","true","false","425","1.000","true","true","simple","calendar","true","false"
"KEEP/USD","Keep Network","US Dollar","Kraken","kraken","0.0459","2026-01-17","5.66","-0.04","6.08","-25.35","-67.81","15.44","-45.34","172.06","162.82","0.96","-13.84","11.32","49.69","true","false","425","1.000","true","true","simple","calendar","true","false"
"KNC/USD","Kyber Network Crystal v2","US Dollar","Binance","binance","0.2378","2026-01-17","0.30","-0.79","7.94","-10.53","-61.67","0.25","-46.20","50.99","43.03","3.12","-3.02","4.29","32.66","true","false","425","1.000","true","true","simple","calendar","true","false"
"KP3R/USD","Keep3rV1","US Dollar","Gate.io","gate.io","3.1410","2026-01-17","4.53","8.20","7.27","-23.85","-87.40","11.74","-42.81","55.93","45.58","2.33","-3.45","7.20","35.89","false","false","425","1.000","true","true","simple","calendar","true","false"
"KSM/EUR","Kusama","Euro","Kraken","kraken","6.7700","2026-01-17","3.52","0.89","17.13","-25.19","-79.65","5.29","-51.05","117.62","83.14","3.15","-5.43","6.33","52.54","true","false","425","1.000","true","true","simple","calendar","true","false"
"KSM/USD","Kusama","US Dollar","Binance","binance","7.8400","2026-01-17","3.16","0.38","15.46","-25.33","-77.08","3.57","-51.12","118.43","83.89","2.94","-6.02","6.81","51.83","true","false","425","1.000","true","true","simple","calendar","true","false"
"LAZIO/USD","S.S. Lazio Fan Token","US Dollar","Binance","binance","1.1650","2026-01-17","-0.51","8.98","24.33","29.59","-23.76","13.55","40.19","55.09","42.32","5.08","-2.10","4.13","19.43","true","false","425","1.000","true","true","simple","calendar","true","false"
"LDO/USD","Lido DAO","US Dollar","Binance","binance","0.6076","2026-01-17","-0.07","-3.78","18.30","-29.97","-69.53","-0.02","-41.58","88.87","65.33","3.70","-3.58","5.90","47.80","true","false","425","1.000","true","true","simple","calendar","true","false"
"LEOu/USD","UNUS SED LEO","US Dollar","Bitfinex","bitfinex","9.0479","2026-01-17","1.66","-0.13","23.99","-4.89","-7.38","-5.62","0.57","35.64","84.84","4.54","-5.30","2.85","31.62","false","false","425","1.000","true","true","simple","calendar","true","false"
"LINK/EUR","Chainlink","Euro","Binance","binance","11.8500","2026-01-17","0.17","4.96","13.83","-16.96","-51.39","10.54","-23.45","61.00","48.52","4.01","-1.98","3.83","36.49","true","false","425","1.000","true","true","simple","calendar","true","false"
"LINK/USD","Chainlink","US Dollar","Binance","binance","13.7400","2026-01-17","0.07","4.65","11.98","-17.28","-45.24","9.05","-23.67","60.08","47.57","3.80","-2.20","4.01","36.07","true","false","425","1.000","true","true","simple","calendar","true","false"
"LPT/USD","Livepeer","US Dollar","Binance","binance","3.2690","2026-01-17","-0.21","-0.12","3.78","-32.85","-78.33","8.32","-54.89","117.49","80.64","1.60","-5.61","7.65","50.66","true","false","425","1.000","true","true","simple","calendar","true","false"
"LRC/EUR","Loopring","Euro","Kraken","kraken","0.0468","2026-01-17","3.75","3.79","4.02","-20.93","-77.36","8.36","-40.60","96.98","78.34","0.31","-5.22","4.47","32.14","true","false","425","1.000","true","true","simple","calendar","true","false"
"LRC/USD","Loopring","US Dollar","Binance","binance","0.0537","2026-01-17","1.32","3.27","1.32","-21.49","-74.71","5.29","-41.31","86.48","72.96","-0.09","-5.48","5.21","31.16","true","false","425","1.000","true","true","simple","calendar","true","false"
"LSK/USD","Lisk","US Dollar","Binance","binance","0.2110","2026-01-17","0.96","2.93","15.30","-2.31","-79.53","8.21","-54.62","88.16","68.40","3.13","-5.50","5.59","49.26","true","false","425","1.000","true","true","simple","calendar","true","false"
"LTC/EUR","Litecoin","Euro","BitStamp","bitstamp","64.4800","2026-01-17","-0.57","-7.62","-0.23","-16.67","-51.55","-5.18","-26.09","69.60","47.75","0.64","-3.58","4.54","34.95","true","false","425","1.000","true","true","simple","calendar","true","false"
"LTC/USD","Litecoin","US Dollar","Binance","binance","74.8000","2026-01-17","-0.56","-7.87","-1.59","-17.00","-45.42","-6.46","-26.38","67.17","46.62","0.36","-3.39","4.73","34.54","true","false","425","1.000","true","true","simple","calendar","true","false"
"LUMIA/USD","Lumia","US Dollar","Binance","binance","0.1230","2026-01-17","-0.81","-5.38","21.78","-17.45","-90.03","-1.60","-60.45","127.21","99.83","3.61","-5.94","8.30","51.78","true","false","425","1.000","true","true","simple","calendar","true","false"
"LUNAt/USD","Terra","US Dollar","Binance","binance","0.0892","2026-01-17","-1.11","-1.65","-23.96","-8.61","-79.74","-5.61","-49.06","57.26","62.58","-3.26","-4.95","4.97","55.58","true","false","425","1.000","true","true","simple","calendar","true","false"
"LUNC/USD","Terra Classic","US Dollar","Huobi","huobi","0.0000","2026-01-17","0.12","-5.09","12.12","5.38","-58.64","5.30","-33.25","67.88","82.56","1.99","-6.16","5.42","44.87","true","false","425","1.000","true","true","simple","calendar","true","false"
"MANA/EUR","Decentraland","Euro","Coinbase Pro","coinbase","0.1410","2026-01-17","11.90","11.90","30.56","-27.69","-74.41","30.56","-50.18","137.84","81.59","4.92","-4.76","6.13","52.86","true","false","425","1.000","true","true","simple","calendar","true","false"
"MANA/USD","Decentraland","US Dollar","Binance","binance","0.1642","2026-01-17","12.77","12.39","29.91","-27.89","-70.75","27.78","-49.97","135.21","79.45","4.87","-4.64","6.60","53.00","true","false","425","1.000","true","true","simple","calendar","true","false"
"MANTA/USD","Manta Network","US Dollar","Binance","binance","0.0843","2026-01-17","1.81","6.44","18.23","-25.07","-89.81","6.71","-65.31","113.10","76.11","3.05","-7.03","6.80","48.59","true","false","425","1.000","true","true","simple","calendar","true","false"
"MASK/USD","Mask Network","US Dollar","Binance","binance","0.6940","2026-01-17","1.76","5.31","27.11","-18.16","-76.32","10.51","-50.25","88.04","62.20","5.34","-4.46","5.50","39.84","true","false","425","1.000","true","true","simple","calendar","true","false"
"MBOX/USD","MOBOX","US Dollar","Binance","binance","0.0335","2026-01-17","3.72","0.60","12.79","-31.63","-83.18","5.68","-46.66","81.28","62.41","3.15","-5.22","6.87","43.33","true","false","425","1.000","true","true","simple","calendar","true","false"
"MDT/USD","Measurable Data Token","US Dollar","Gate.io","gate.io","0.0134","2026-01-17","-0.54","-0.60","-0.73","-25.60","-75.25","-1.30","-19.06","30.84","41.03","0.80","-3.09","4.25","49.06","false","false","425","1.000","true","true","simple","calendar","true","false"
"MED/USD","Medibloc","US Dollar","Gate.io","gate.io","0.0030","2026-01-17","-4.11","-3.74","26.61","-18.22","-73.97","23.95","-52.30","125.17","97.02","3.27","-6.36","13.25","39.09","false","false","425","1.000","true","true","simple","calendar","true","false"
"MERL/USD","Merlin Chain","US Dollar","OKX","okx","0.1925","2026-01-17","-25.01","-24.74","-50.77","-41.15","-16.65","-32.71","71.36","183.96","121.09","-6.10","-13.09","12.17","61.92","true","false","425","1.000","true","true","simple","calendar","true","false"
"METIS/USD","MetisDAO","US Dollar","Gate.io","gate.io","5.8810","2026-01-17","2.58","18.86","10.55","-36.39","-86.10","14.91","-67.86","113.35","124.36","1.95","-9.93","7.70","52.71","false","false","425","1.000","true","true","simple","calendar","true","false"
"MINA/USD","Mina","US Dollar","Binance","binance","0.0877","2026-01-17","-1.79","3.30","11.44","-18.80","-85.75","10.73","-59.11","89.05","69.52","3.02","-4.71","7.01","60.52","true","false","425","1.000","true","true","simple","calendar","true","false"
"MOBI/USD","Mobius","US Dollar","Gate.io","gate.io","0.0021","2026-01-17","4.70","-8.72","2.02","-32.41","-70.35","-5.52","-60.31","110.98","273.26","1.71","-10.12","27.19","71.86","false","false","425","1.000","true","true","simple","calendar","true","false"
"MODE/USD","Mode","US Dollar","Gate.io","gate.io","0.0004","2026-01-17","7.51","1.43","-10.51","-61.57","-99.09","-14.66","-84.39","141.87","154.57","-0.00","-8.19","10.40","67.69","false","false","425","1.000","true","true","simple","calendar","true","false"
"MOG/USDT","Mog Coin","US Dollar","Bybit","bybit","0.0000","2026-01-17","-1.43","-8.86","35.33","-30.37","","22.07","-81.19","117.47","113.78","4.37","-5.02","10.62","61.72","true","false","224","1.000","true","false","simple","calendar","true","false"
"MOVR/USD","Moonriver","US Dollar","Kucoin","kucoin","2.5800","2026-01-17","-0.51","-3.38","7.29","-32.87","-79.53","-0.12","-62.07","65.05","52.13","2.44","-3.85","5.44","43.59","true","false","425","1.000","true","true","simple","calendar","true","false"
"MTL/USD","Metal","US Dollar","Binance","binance","0.3980","2026-01-17","0.51","-0.25","15.36","-17.43","-70.32","7.57","-50.99","87.55","52.49","4.85","-2.84","6.26","37.07","true","false","425","1.000","true","true","simple","calendar","true","false"
"NANO/EUR","Nano","Euro","Kraken","kraken","0.6594","2026-01-17","3.03","4.75","11.76","15.40","-54.70","6.38","-21.17","67.29","54.54","3.46","-3.68","4.78","58.08","true","false","425","1.000","true","true","simple","calendar","true","false"
"NEAR/USD","NEAR Protocol","US Dollar","Binance","binance","1.7520","2026-01-17","1.21","3.73","18.30","-18.47","-69.55","7.68","-37.81","96.00","70.23","3.87","-4.28","5.63","53.59","true","false","425","1.000","true","true","simple","calendar","true","false"
"NEO/USD","NEO","US Dollar","Binance","binance","4.0420","2026-01-17","3.06","2.67","12.03","-19.26","-76.14","11.14","-40.38","81.67","57.06","3.41","-4.27","4.97","39.53","true","false","425","1.000","true","true","simple","calendar","true","false"
"NFT/USD","APENFT","US Dollar","Huobi","huobi","0.0000","2026-01-17","0.00","-2.70","2.86","-12.20","-30.77","2.86","-21.74","19.52","37.08","2.00","-2.86","0.79","17.07","true","false","425","1.000","true","true","simple","calendar","true","false"
"NKN/USD","NKN","US Dollar","Binance","binance","0.0138","2026-01-17","-2.13","2.99","23.21","-30.30","-85.65","9.52","-53.38","71.68","63.23","5.00","-3.68","10.40","47.83","true","false","425","1.000","true","true","simple","calendar","true","false"
"NOT/USDT","Notcoin","US Dollar","Binance","binance","0.0006","2026-01-17","-3.41","6.12","24.06","-25.27","","9.47","-73.22","192.49","104.44","3.32","-4.88","8.65","43.06","true","false","224","1.000","true","false","simple","calendar","true","false"
"NPC/USDT","Non-Playable Coin","US Dollar","Gate.io","gate.io","0.0115","2026-01-17","-2.78","-4.92","11.30","","","18.01","","111.10","106.39","3.10","-6.35","9.88","32.63","false","false","44","1.000","false","false","simple","calendar","true","false"
"OGN/USD","Origin Protocol","US Dollar","Binance","binance","0.0332","2026-01-17","0.00","5.73","10.67","-29.96","-71.82","8.50","-47.80","79.11","62.76","2.49","-3.65","6.00","41.53","true","false","425","1.000","true","true","simple","calendar","true","false"
"OKB/USD","OKB","US Dollar","OKEx","okx","114.0700","2026-01-17","-0.58","3.64","7.88","-30.64","94.33","3.50","142.14","41.84","33.74","3.50","-1.88","2.79","41.96","true","false","425","1.000","true","true","simple","calendar","true","false"
"OMG/EUR","OMG Network","Euro","Kraken","kraken","0.0725","2026-01-17","-4.37","0.37","-11.14","-30.30","-82.94","6.70","-54.60","65.14","54.83","2.27","-4.13","4.86","40.47","true","false","425","1.000","true","true","simple","calendar","true","false"
"OMNI/USD","Omni","US Dollar","Bitfinex","bitfinex","1.3600","2026-01-17","0.00","0.00","8.80","-2.86","6.25","20.77","-31.58","0.00","82.52","1.59","","1.23","31.15","false","false","425","1.000","true","true","simple","calendar","true","false"
"ONDO/USD","Ondo","US Dollar","Bybit","bybit","0.3849","2026-01-17","0.23","-3.65","-1.36","-45.35","-70.59","-0.54","-62.79","80.31","77.34","1.03","-5.23","6.22","53.16","true","false","425","1.000","true","true","simple","calendar","true","false"
"ONE/USD","Harmony","US Dollar","Binance","binance","0.0043","2026-01-17","4.36","8.29","29.43","-34.99","-85.02","11.08","-64.59","105.87","83.16","4.43","-6.31","7.31","52.19","true","false","425","1.000","true","true","simple","calendar","true","false"
"ONT/USD","Ontology","US Dollar","Huobi","huobi","0.0674","2026-01-17","-0.74","6.14","18.25","-28.45","-75.17","4.01","-55.57","49.81","131.83","2.79","-7.78","6.63","45.11","true","false","425","1.000","true","true","simple","calendar","true","false"
"OP/USD","Operand","US Dollar","Coinbase Pro","coinbase","0.3460","2026-01-17","1.76","8.81","26.74","-17.62","-82.39","16.89","-52.08","153.65","92.37","4.18","-4.36","6.71","45.81","true","false","425","1.000","true","true","simple","calendar","true","false"
"ORDI/USD","ORDI","US Dollar","Binance","binance","5.1440","2026-01-17","-0.39","13.96","31.32","3.63","-81.16","13.91","-49.52","238.97","125.59","3.87","-4.55","8.19","35.64","true","false","425","1.000","true","true","simple","calendar","true","false"
"OSMO/USD","Osmosis","US Dollar","Binance","binance","0.0580","2026-01-17","1.40","0.87","7.81","-51.51","-88.11","13.73","-68.98","162.92","85.02","2.64","-4.38","9.04","60.99","true","false","425","1.000","true","true","simple","calendar","true","false"
"OXT/EUR","Orchid","Euro","Kraken","kraken","0.0217","2026-01-17","0.42","-0.78","5.25","-37.95","-81.67","8.30","-58.70","72.11","88.71","2.01","-6.94","5.57","48.48","true","false","425","1.000","true","true","simple","calendar","true","false"
"OXT/USD","Orchid","US Dollar","Coinbase Pro","coinbase","0.0251","2026-01-17","0.40","0.80","4.15","-37.72","-79.43","2.03","-58.51","60.83","82.60","1.92","-6.57","6.43","47.06","true","false","425","1.000","true","true","simple","calendar","true","false"
"pDOTn/EUR","Polkadot","Euro","Binance","binance","1.8900","2026-01-17","3.45","5.12","22.57","-23.94","-74.10","11.24","-48.50","100.03","85.57","3.67","-3.87","5.30","49.29","true","false","425","1.000","true","true","simple","calendar","true","false"
"pDOTn/USD","Polkadot","US Dollar","Binance","binance","2.1770","2026-01-17","2.74","4.01","19.88","-24.72","-70.98","8.90","-48.90","98.07","84.36","3.45","-4.03","5.57","48.41","true","false","425","1.000","true","true","simple","calendar","true","false"
"PENDLE/USD","Pendle","US Dollar","Binance","binance","2.1020","2026-01-17","-1.08","1.74","14.80","-33.25","-51.68","3.44","-49.59","89.75","81.56","2.99","-6.64","6.57","51.03","true","false","425","1.000","true","true","simple","calendar","true","false"
"PENGU/USDT","Pudgy Penguins","US Dollar","Binance","binance","0.0118","2026-01-17","-3.57","-0.39","25.66","-44.10","","24.89","-60.81","121.42","108.68","4.01","-5.81","9.56","61.37","true","false","224","1.000","true","false","simple","calendar","true","false"
"PEOPLE/USD","ConstitutionDAO","US Dollar","Binance","binance","0.0109","2026-01-17","1.77","6.12","29.08","-6.98","-74.80","6.43","-51.01","147.34","106.19","3.69","-5.24","7.63","39.74","true","false","425","1.000","true","true","simple","calendar","true","false"
"PEPE/USD","Pepe","US Dollar","Binance","binance","0.0000","2026-01-17","-2.36","-2.53","48.08","-12.93","-71.48","17.68","-56.69","129.19","147.59","4.31","-5.29","9.83","49.18","true","false","425","1.000","true","true","simple","calendar","true","false"
"Pluton/USD","Pluton","US Dollar","Kraken","kraken","0.1370","2026-01-17","-1.90","-1.83","-23.91","-55.82","-89.04","3.90","-78.26","89.02","116.78","-1.68","-14.99","8.75","63.47","true","false","425","1.000","true","true","simple","calendar","true","false"
"POLIS/USD","Star Atlas DAO","US Dollar","Gate.io","gate.io","0.0277","2026-01-17","3.16","-0.65","-6.16","-49.09","-83.15","7.82","-59.04","87.14","91.82","0.15","-6.65","7.77","54.62","false","false","425","1.000","true","true","simple","calendar","true","false"
"POL/USD","POL","US Dollar","Binance","binance","0.1448","2026-01-17","0.14","-18.42","35.07","-22.32","-71.47","36.22","-38.83","82.44","98.54","4.61","-7.49","9.81","50.27","true","false","425","1.000","true","true","simple","calendar","true","false"
"POND/USD","Marlin","US Dollar","Binance","binance","0.0039","2026-01-17","-1.01","-1.26","0.77","-35.05","-82.00","1.03","-56.60","55.37","51.31","0.88","-3.26","4.33","37.91","true","false","425","1.000","true","true","simple","calendar","true","false"
"PORTO/USD","FC Porto Fan Token","US Dollar","Binance","binance","1.2170","2026-01-17","0.83","10.24","28.92","20.38","-20.92","12.79","41.68","40.59","42.75","6.58","-1.92","3.39","22.05","true","false","425","1.000","true","true","simple","calendar","true","false"
"POWR/USD","Power Ledger","US Dollar","Gate.io","gate.io","0.0945","2026-01-17","-0.97","-0.56","25.34","-18.87","-67.37","10.86","-48.85","64.36","55.96","5.64","-2.72","5.05","39.02","false","false","425","1.000","true","true","simple","calendar","true","false"
"PUMP/USDT","Pump.fun","US Dollar","Binance","binance","0.0028","2026-01-17","-5.76","21.69","33.09","","","31.90","","111.40","106.69","5.13","-9.46","11.71","46.92","true","false","49","1.000","false","false","simple","calendar","true","false"
"PYR/USD","Vulcan Forged PYR","US Dollar","Binance","binance","0.5350","2026-01-17","6.36","11.46","13.59","-23.90","-83.11","12.87","-50.65","71.37","47.45","4.29","-2.70","4.93","59.56","true","false","425","1.000","true","true","simple","calendar","true","false"
"PYTH/USD","Pyth Network","US Dollar","Binance","binance","0.0662","2026-01-17","-1.05","-1.49","17.17","-38.93","-81.48","6.77","-48.64","104.03","79.38","3.34","-4.78","7.10","54.66","true","false","425","1.000","true","true","simple","calendar","true","false"
"QNT/USD","Quant","US Dollar","Binance","binance","84.2500","2026-01-17","7.38","13.48","12.86","2.96","-30.66","11.32","-25.72","89.29","65.41","3.16","-3.46","5.13","31.76","true","false","425","1.000","true","true","simple","calendar","true","false"
"QSP/USD","Quantstamp","US Dollar","Gate.io","gate.io","0.0010","2026-01-17","-24.22","4.70","26.03","-25.80","-8.21","12.57","9.49","259.95","153.61","2.37","-9.33","16.63","62.21","false","false","425","1.000","true","true","simple","calendar","true","false"
"QTUM/EUR","Qtum","Euro","Kraken","kraken","1.2855","2026-01-17","4.47","0.38","17.60","-22.05","-62.19","13.68","-36.87","107.63","73.08","3.55","-3.79","5.00","41.87","true","false","425","1.000","true","true","simple","calendar","true","false"
"QTUM/USD","Qtum","US Dollar","Binance","binance","1.4750","2026-01-17","1.44","-0.87","15.32","-22.49","-57.92","10.24","-37.42","105.13","71.44","3.38","-3.56","6.52","41.27","true","false","425","1.000","true","true","simple","calendar","true","false"
"QUICK/USD","QuickSwap","US Dollar","Binance","binance","0.0135","2026-01-17","-0.59","-0.07","29.85","-24.58","-69.02","20.48","-44.91","83.66","70.35","5.47","-3.27","5.74","48.85","true","false","425","1.000","true","true","simple","calendar","true","false"
"RACA/USD","Radio Caca","US Dollar","Gate.io","gate.io","0.0000","2026-01-17","1.60","-6.10","3.47","-44.41","-87.22","3.55","-60.66","52.27","80.88","1.28","-5.39","8.44","52.65","false","false","425","1.000","true","true","simple","calendar","true","false"
"RAD/USD","Radicle","US Dollar","Binance","binance","0.3170","2026-01-17","2.59","3.93","21.92","-37.84","-75.67","1.28","-52.62","27.70","125.58","2.78","-4.69","6.74","52.28","true","false","425","1.000","true","true","simple","calendar","true","false"
"RARI/USD","RARI","US Dollar","Coinbase Pro","coinbase","0.2327","2026-01-17","0.91","-11.18","-5.06","-60.06","-89.66","-6.09","-76.88","47.35","472.39","1.67","-14.70","8.84","66.49","true","false","425","1.000","true","true","simple","calendar","true","false"
"RAY/USD","Raydium","US Dollar","Binance","binance","1.1230","2026-01-17","-3.02","-3.61","22.46","-34.97","-81.63","14.83","-61.54","93.84","75.92","4.72","-4.01","6.95","54.86","true","false","425","1.000","true","true","simple","calendar","true","false"
"RDNT/USD","Radiant Capital","US Dollar","Binance","binance","0.0102","2026-01-17","0.10","0.10","9.45","-46.95","-83.04","-5.47","-59.17","59.19","48.59","3.33","-2.87","4.09","51.35","true","false","425","1.000","true","true","simple","calendar","true","false"
"RENDER/USD","Render Token","US Dollar","Binance","binance","2.2060","2026-01-17","-1.47","-3.42","70.48","-10.03","-72.29","59.51","-47.02","126.39","123.93","6.50","-5.63","11.42","53.05","true","false","425","1.000","true","true","simple","calendar","true","false"
"REP/EUR","Augur","Euro","Kraken","kraken","0.8030","2026-01-17","0.00","-10.78","-5.75","-26.80","-11.56","0.37","27.46","116.02","175.08","0.26","-12.94","10.97","63.49","true","false","425","1.000","true","true","simple","calendar","true","false"
"RFR/USD","Refereum","US Dollar","Gate.io","gate.io","0.0000","2026-01-17","-10.63","25.63","130.57","78.49","-3.92","105.19","-0.97","183.55","301.90","4.76","-16.89","20.33","47.83","false","false","425","1.000","true","true","simple","calendar","true","false"
"RIF/USD","Rootstock Infrastructure Framework","US Dollar","Binance","binance","0.0371","2026-01-17","0.27","2.20","21.64","-20.04","-64.29","4.51","-40.35","61.50","55.82","5.85","-3.66","3.97","41.07","true","false","425","1.000","true","true","simple","calendar","true","false"
"RLC/USD","iExec RLC","US Dollar","Gate.io","gate.io","0.6857","2026-01-17","0.91","-1.31","7.56","-20.62","-68.73","4.83","-39.07","67.37","50.17","3.48","-4.15","5.62","34.55","false","false","425","1.000","true","true","simple","calendar","true","false"
"RON/USD","Ronin","US Dollar","Binance","binance","0.1682","2026-01-17","8.24","22.59","11.39","-54.65","-90.77","21.36","-70.02","140.37","83.77","2.72","-4.66","8.31","66.54","true","false","425","1.000","true","true","simple","calendar","true","false"
"ROSE/USD","Oasis Network","US Dollar","Binance","binance","0.0137","2026-01-17","-4.39","15.28","25.73","-21.90","-83.80","23.36","-52.77","111.71","85.22","4.83","-4.56","8.04","58.68","true","false","425","1.000","true","true","simple","calendar","true","false"
"RPL/USD","Rocket Pool","US Dollar","Binance","binance","2.2500","2026-01-17","0.45","8.70","25.70","-33.43","-79.87","10.29","-68.31","101.16","85.34","3.57","-5.45","6.73","50.42","true","false","425","1.000","true","true","simple","calendar","true","false"
"RSR/USD","Reserve Rights","US Dollar","Binance","binance","0.0027","2026-01-17","0.15","1.52","7.60","-55.99","-83.06","3.44","-71.42","121.31","102.78","1.78","-6.91","7.95","59.96","true","false","425","1.000","true","true","simple","calendar","true","false"
"RUNE/USD","THORChain","US Dollar","Binance","binance","0.6670","2026-01-17","-1.62","17.02","14.21","-20.41","-83.50","17.02","-59.62","69.01","47.71","4.43","-3.31","4.47","41.40","true","false","425","1.000","true","true","simple","calendar","true","false"
"RVN/USD","Ravencoin","US Dollar","Binance","binance","0.0077","2026-01-17","2.66","1.45","12.21","-19.42","-64.49","2.25","-47.70","104.30","75.26","2.75","-4.16","6.45","41.59","true","false","425","1.000","true","true","simple","calendar","true","false"
"SAFE/USD","Safe","US Dollar","Bybit","bybit","0.1830","2026-01-17","-2.35","12.82","44.44","-31.13","464.34","25.95","-62.61","186.86","99.54","5.40","-6.37","9.45","55.53","true","false","425","1.000","true","true","simple","calendar","true","false"
"SAND/EUR","The Sandbox","Euro","BitStamp","bitstamp","0.1284","2026-01-17","19.65","24.70","22.08","-26.00","-80.33","30.14","-54.02","177.06","103.16","4.28","-7.61","6.41","51.98","true","false","425","1.000","true","true","simple","calendar","true","false"
"SAND/USD","The Sandbox","US Dollar","Binance","binance","0.1502","2026-01-17","20.74","25.90","30.61","-25.20","-77.53","28.38","-53.63","175.20","100.02","4.07","-4.42","6.78","50.34","true","false","425","1.000","true","true","simple","calendar","true","false"
"SANTOS/USD","Santos FC Fan Token","US Dollar","Binance","binance","2.2450","2026-01-17","-7.58","15.36","47.02","58.77","-31.18","27.41","5.60","112.96","76.21","7.13","-6.26","5.96","35.59","true","false","425","1.000","true","true","simple","calendar","true","false"
"SC/EUR","Siacoin","Euro","Kraken","kraken","0.0015","2026-01-17","2.03","1.18","23.83","-15.80","-75.83","14.33","-51.30","59.25","56.73","5.26","-3.07","4.62","37.34","true","false","425","1.000","true","true","simple","calendar","true","false"
"SCRTn/USD","Secret","US Dollar","Gate.io","gate.io","0.1393","2026-01-17","3.49","28.98","32.16","-15.78","-70.07","36.30","-25.83","112.18","83.52","5.15","-4.24","7.20","63.15","false","false","425","1.000","true","true","simple","calendar","true","false"
"SCR/USD","Scroll","US Dollar","Binance","binance","0.0830","2026-01-17","0.00","5.06","12.16","-50.89","343.66","9.21","-75.59","61.26","56.55","4.54","-4.82","6.54","63.44","true","false","425","1.000","true","true","simple","calendar","true","false"
"SC/USD","Siacoin","US Dollar","Binance","binance","0.0017","2026-01-17","1.44","0.53","21.99","-15.86","-72.75","12.20","-51.44","59.46","50.22","5.64","-3.43","5.56","36.51","true","false","425","1.000","true","true","simple","calendar","true","false"
"SDN/USD","Shiden Network","US Dollar","Gate.io","gate.io","0.0242","2026-01-17","1.00","-6.67","-12.57","-22.68","-85.33","-2.97","-56.43","227.94","125.03","-0.47","-9.39","15.27","47.12","false","false","425","1.000","true","true","simple","calendar","true","false"
"SEI/USD","Sei","US Dollar","Binance","binance","0.1207","2026-01-17","0.42","0.58","6.81","-36.64","-71.52","3.78","-65.34","61.80","56.37","2.68","-2.90","5.11","48.33","true","false","425","1.000","true","true","simple","calendar","true","false"
"SFP/USD","SafePal","US Dollar","Binance","binance","0.3721","2026-01-17","-0.03","3.82","20.42","0.59","-49.09","13.24","-28.85","38.59","43.12","6.94","-2.10","4.39","25.87","true","false","425","1.000","true","true","simple","calendar","true","false"
"SHIB/USD","SHIBA INU","US Dollar","Coinbase Pro","coinbase","0.0000","2026-01-17","-1.17","-2.31","12.37","-13.33","-65.11","13.42","-41.60","72.63","77.14","3.24","-3.73","6.99","34.75","true","false","425","1.000","true","true","simple","calendar","true","false"
"SKL/USD","SKALE Network","US Dollar","Binance","binance","0.0106","2026-01-17","-0.37","2.01","3.00","-44.82","-78.95","4.31","-55.04","71.22","59.76","1.84","-3.97","5.63","51.40","true","false","425","1.000","true","true","simple","calendar","true","false"
"SKM/USD","Skrumble Network","US Dollar","Gate.io","gate.io","0.0000","2026-01-17","-2.62","-40.99","-32.77","-55.87","-78.51","-39.32","-56.91","417.40","270.28","-0.95","-23.27","32.52","78.39","false","false","425","1.000","true","true","simple","calendar","true","false"
"SLP/USD","Smooth Love Potion","US Dollar","Binance","binance","0.0010","2026-01-17","11.33","15.42","27.69","-22.47","-75.15","23.01","-37.43","105.05","77.19","4.73","-4.18","6.90","41.09","true","false","425","1.000","true","true","simple","calendar","true","false"
"SNX/EUR","Synthetix","Euro","Coinbase Pro","coinbase","0.4210","2026-01-17","2.93","3.69","23.10","-64.44","-78.10","10.79","-28.28","104.64","86.33","3.70","-5.67","6.80","76.06","true","false","425","1.000","true","true","simple","calendar","true","false"
"SNX/USD","Synthetix","US Dollar","Binance","binance","0.4880","2026-01-17","2.95","3.17","21.39","-64.48","-75.37","8.93","-28.45","98.06","84.29","3.62","-5.49","7.26","75.94","true","false","425","1.000","true","true","simple","calendar","true","false"
"SOL/EUR","Solana","Euro","Binance","binance","124.0300","2026-01-17","-0.68","6.24","18.23","-20.71","-41.77","15.03","-17.99","47.31","41.79","5.87","-2.64","3.84","40.75","true","false","425","1.000","true","true","simple","calendar","true","false"
"SOL/USD","Solana","US Dollar","Binance","binance","143.7100","2026-01-17","-0.81","5.79","16.58","-21.02","-34.53","13.25","-18.29","47.23","40.82","5.64","-2.92","3.94","40.21","true","false","425","1.000","true","true","simple","calendar","true","false"
"SOON/USDT","SOON","US Dollar","Gate.io","gate.io","0.3372","2026-01-17","-3.60","-10.58","-2.52","-57.65","","-8.32","123.61","64.36","138.99","1.42","-6.34","8.32","88.87","false","false","224","1.000","true","false","simple","calendar","true","false"
"SOUL/USD","Phantasma","US Dollar","Gate.io","gate.io","0.0206","2026-01-17","1.78","15.29","70.79","-0.19","-75.11","12.71","-51.29","53.38","129.06","4.52","-8.42","10.25","40.42","false","false","425","1.000","true","true","simple","calendar","true","false"
"SPELL/USD","Spell Token","US Dollar","Binance","binance","0.0003","2026-01-17","0.15","0.48","12.46","-21.97","-76.83","8.11","-49.79","47.39","69.91","3.10","-3.48","6.79","35.48","true","false","425","1.000","true","true","simple","calendar","true","false"
"SPX/USDT","SPX6900","US Dollar","Bybit","bybit","0.5603","2026-01-17","-3.70","-2.94","15.84","-43.04","","11.28","-68.62","102.66","93.02","3.16","-5.02","9.54","59.58","true","false","238","1.000","true","false","simple","calendar","true","false"
"STARL/USD","Starlink","US Dollar","Gate.io","gate.io","0.0000","2026-01-17","0.00","8.00","12.50","-28.95","-71.58","8.00","-49.06","54.13","57.70","2.73","-4.00","5.29","41.03","false","false","425","1.000","true","true","simple","calendar","true","false"
"STETH/USD","Lido stETH","US Dollar","Bybit","bybit","3301.7600","2026-01-17","0.13","7.03","16.63","-13.76","-4.94","9.90","-4.72","56.96","41.44","4.70","-1.93","3.25","33.54","true","false","425","1.000","true","true","simple","calendar","true","false"
"STG/USD","Stargate Finance","US Dollar","Binance","binance","0.1504","2026-01-17","5.62","18.33","31.70","-4.57","-62.86","35.37","-13.21","75.00","59.01","7.01","-2.57","5.43","34.67","true","false","425","1.000","true","true","simple","calendar","true","false"
"STORJ/USD","Storj","US Dollar","Huobi","huobi","0.1463","2026-01-17","-0.07","5.86","26.34","-14.14","-72.62","13.41","-51.70","53.86","155.55","2.79","-6.81","7.82","45.76","true","false","425","1.000","true","true","simple","calendar","true","false"
"STRK/USD","Starknet","US Dollar","Binance","binance","0.0844","2026-01-17","-0.71","3.30","-3.76","-23.34","-81.41","2.43","-39.97","77.00","65.06","1.19","-5.18","6.19","68.71","true","false","425","1.000","true","true","simple","calendar","true","false"
"STXk/USD","Blockstack","US Dollar","Binance","binance","0.3632","2026-01-17","-2.50","-6.10","44.70","-13.99","-78.34","37.78","-57.12","59.70","95.07","5.71","-4.66","8.74","48.67","true","false","425","1.000","true","true","simple","calendar","true","false"
"STX/USD","Stox","US Dollar","Gate.io","gate.io","0.3630","2026-01-17","-2.50","-6.15","44.85","-14.04","-78.37","37.76","-57.16","59.30","95.16","5.70","-4.66","8.58","48.67","false","false","425","1.000","true","true","simple","calendar","true","false"
"SUI/USD","Sui","US Dollar","Binance","binance","1.7828","2026-01-17","-0.34","-0.67","25.23","-26.84","-63.15","21.11","-55.52","63.77","77.88","4.74","-3.89","7.11","49.74","true","false","425","1.000","true","true","simple","calendar","true","false"
"SUPERf/USD","SuperFarm","US Dollar","Binance","binance","0.2303","2026-01-17","6.92","7.07","2.90","-39.73","-83.14","8.58","-73.39","76.33","60.79","2.35","-3.26","5.74","51.36","true","false","425","1.000","true","true","simple","calendar","true","false"
"SUSHI/USD","SushiSwap","US Dollar","Binance","binance","0.3527","2026-01-17","5.79","8.89","23.97","-30.56","-79.43","15.56","-53.71","115.31","91.17","3.90","-5.22","6.43","52.53","true","false","425","1.000","true","true","simple","calendar","true","false"
"SWFTC/USD","SwftCoin","US Dollar","OKEx","okx","0.0054","2026-01-17","0.15","5.85","31.76","-11.64","-36.79","35.88","-58.08","70.02","140.45","2.94","-6.47","11.66","45.26","true","false","425","1.000","true","true","simple","calendar","true","false"
"SXP/USD","SXP","US Dollar","Binance","binance","0.0688","2026-01-17","1.03","-10.42","16.81","-43.37","-80.60","8.52","-66.75","57.34","83.56","3.35","-4.63","8.80","60.81","true","false","425","1.000","true","true","simple","calendar","true","false"
"TAIKO/USD","Taiko","US Dollar","Bybit","bybit","0.1801","2026-01-17","0.45","-1.53","9.95","-28.65","-87.93","6.57","-63.83","54.73","44.13","3.98","-3.45","5.67","42.80","true","false","425","1.000","true","true","simple","calendar","true","false"
"TAO/USD","Bittensor","US Dollar","Binance","binance","274.6000","2026-01-17","-1.05","-1.79","14.99","-28.25","-43.40","19.18","-34.96","53.46","71.91","4.14","-3.76","6.89","56.88","true","false","425","1.000","true","true","simple","calendar","true","false"
"TFUEL/USD","Theta Fuel","US Dollar","Binance","binance","0.0204","2026-01-17","3.93","0.99","13.75","-21.12","-71.27","13.81","-48.26","59.93","52.74","4.24","-3.11","5.48","36.95","true","false","425","1.000","true","true","simple","calendar","true","false"
"THETA/USD","Theta Network","US Dollar","Binance","binance","0.3390","2026-01-17","7.96","12.62","13.00","-37.22","-86.51","21.51","-60.85","118.11","84.35","3.24","-4.98","6.91","53.90","true","false","425","1.000","true","true","simple","calendar","true","false"
"TKO/USD","Toko Token","US Dollar","Binance","binance","0.0898","2026-01-17","0.79","0.79","9.51","-33.33","-78.53","5.90","-45.11","56.81","46.36","3.78","-4.07","5.05","43.22","true","false","425","1.000","true","true","simple","calendar","true","false"
"TLM/USD","Alien Worlds","US Dollar","Binance","binance","0.0025","2026-01-17","0.99","3.84","26.32","-27.87","-80.39","-6.45","-54.00","89.06","114.39","3.39","-4.60","6.47","47.13","true","false","425","1.000","true","true","simple","calendar","true","false"
"TON/USD","Toncoin","US Dollar","Bybit","bybit","1.7350","2026-01-17","0.75","-0.34","17.87","-18.12","-68.92","2.42","-45.71","51.82","53.03","4.56","-4.90","4.77","37.77","true","false","425","1.000","true","true","simple","calendar","true","false"
"TOSHI/USDT","Toshi","US Dollar","Bybit","bybit","0.0003","2026-01-17","-1.09","-3.79","0.61","-52.90","","12.08","-51.04","80.74","99.31","0.83","-6.26","9.49","65.90","true","false","224","1.000","true","false","simple","calendar","true","false"
"TRIBE/USD","Tribe","US Dollar","Gate.io","gate.io","0.5998","2026-01-17","0.45","14.25","-2.74","-1.14","32.32","41.70","34.36","174.03","231.92","0.97","-12.54","23.11","36.70","false","false","425","1.000","true","true","simple","calendar","true","false"
"TRUMP/USDT","OFFICIAL TRUMP","US Dollar","Binance","binance","5.2990","2026-01-17","-1.62","-1.96","3.21","-7.96","","8.34","-46.96","59.40","42.89","1.72","-2.46","4.64","45.91","true","false","238","1.000","true","false","simple","calendar","true","false"
"TRU/USD","TrueFi","US Dollar","Binance","binance","0.0102","2026-01-17","-0.97","0.00","22.89","-43.33","-88.29","-1.92","-68.12","61.85","125.31","2.78","-6.67","7.21","62.15","true","false","425","1.000","true","true","simple","calendar","true","false"
"TWT/USD","Trust Wallet Token","US Dollar","Binance","binance","0.9446","2026-01-17","-1.37","6.70","4.98","-26.97","-23.38","7.13","14.33","37.15","46.06","2.96","-2.55","4.23","40.47","true","false","425","1.000","true","true","simple","calendar","true","false"
"UMA/USD","UMA","US Dollar","Binance","binance","0.7840","2026-01-17","-0.13","2.75","11.84","-23.36","-72.38","7.40","-36.16","57.91","53.08","3.83","-3.94","5.53","43.89","true","false","425","1.000","true","true","simple","calendar","true","false"
"UNIs/EUR","Uniswap","Euro","Kraken","kraken","4.6170","2026-01-17","0.90","-1.64","9.46","-12.87","-68.32","-6.50","-40.04","73.89","91.62","1.59","-5.45","5.95","47.50","true","false","425","1.000","true","true","simple","calendar","true","false"
"UNIs/USD","Uniswap","US Dollar","Binance","binance","5.3510","2026-01-17","0.68","-2.28","7.75","-12.74","-64.28","-7.88","-40.09","71.31","89.87","1.42","-5.67","6.31","46.93","true","false","425","1.000","true","true","simple","calendar","true","false"
"UNI/USD","Uniswap","US Dollar","Binance","binance","5.3510","2026-01-17","0.68","-2.28","7.75","-12.74","-64.32","-7.88","-40.09","71.31","89.87","1.42","-5.67","6.31","46.93","true","false","425","1.000","true","true","simple","calendar","true","false"
"UOS/USD","Ultra","US Dollar","KuCoin","kucoin","0.0102","2026-01-17","2.83","2.94","-23.38","-56.56","-88.41","14.41","-80.27","23.81","186.97","2.30","-9.47","6.36","65.32","true","false","425","1.000","true","true","simple","calendar","true","false"
"USTC/USD","TerraClassicUSD","US Dollar","Huobi","huobi","0.0074","2026-01-17","-0.93","4.65","7.68","-4.74","-61.70","14.31","-47.30","81.09","62.38","1.15","-3.12","6.34","49.59","true","false","425","1.000","true","true","simple","calendar","true","false"
"UTK/USD","Utrust","US Dollar","Binance","binance","0.0137","2026-01-17","0.07","-1.16","12.04","-29.05","-81.60","5.07","-57.82","81.19","54.86","3.63","-4.82","5.76","41.82","true","false","425","1.000","true","true","simple","calendar","true","false"
"VET/EUR","VeChain","Euro","Binance","binance","0.0102","2026-01-17","-0.10","1.20","16.38","-31.03","-81.34","7.97","-55.22","77.30","74.04","3.54","-4.42","5.41","45.71","true","false","425","1.000","true","true","simple","calendar","true","false"
"VET/USD","VeChain","US Dollar","Binance","binance","0.0118","2026-01-17","-0.08","0.60","14.81","-31.35","-79.00","6.32","-55.40","77.26","73.26","3.38","-4.79","5.99","45.22","true","false","425","1.000","true","true","simple","calendar","true","false"
"VVS/USD","VVS Finance","US Dollar","Crypto.com Exchange","crypto.comexchange","0.0000","2026-01-17","0.99","0.99","10.22","-28.82","-45.48","9.04","-23.79","46.86","50.28","3.22","-2.88","4.04","42.17","false","false","425","1.000","true","true","simple","calendar","true","false"
"WAXP/USD","WAX","US Dollar","Binance","binance","0.0091","2026-01-17","4.10","2.81","21.22","-33.38","-80.64","14.97","-61.68","63.68","42.38","7.36","-2.89","4.78","47.84","true","false","425","1.000","true","true","simple","calendar","true","false"
"WEMIX/USD","WEMIX","US Dollar","Gate.io","gate.io","0.3114","2026-01-17","-0.45","-13.14","-16.85","-48.38","-64.22","-13.81","-59.56","56.35","48.10","-3.11","-4.34","3.66","58.54","false","false","425","1.000","true","true","simple","calendar","true","false"
"WIF/USDT","dogwifhat","US Dollar","Binance","binance","0.3790","2026-01-17","-2.32","0.00","7.06","-25.10","","25.91","-64.45","122.38","120.38","1.97","-7.14","10.33","52.38","true","false","238","1.000","true","false","simple","calendar","true","false"
"WIN/USD","WINkLink","US Dollar","Binance","binance","0.0000","2026-01-17","0.21","-1.42","-7.25","-27.21","-75.00","3.42","-51.34","59.81","46.05","-0.19","-3.44","4.19","43.53","true","false","425","1.000","true","true","simple","calendar","true","false"
"WLD/USD","Worldcoin","US Dollar","Binance","binance","0.5493","2026-01-17","-1.01","-4.02","10.52","-37.01","-76.07","5.41","-50.38","102.93","82.40","2.39","-6.00","7.14","49.52","true","false","425","1.000","true","true","simple","calendar","true","false"
"WOO/USD","WOO Network","US Dollar","Huobi","huobi","0.0309","2026-01-17","3.10","6.88","36.91","-26.78","-86.01","6.85","-64.25","178.90","119.83","3.94","-5.13","8.08","49.61","true","false","425","1.000","true","true","simple","calendar","true","false"
"XCH/USD","Chia Network","US Dollar","Huobi","huobi","4.9299","2026-01-17","-1.06","-2.99","7.38","-30.69","-79.36","1.74","-56.11","91.95","82.20","1.81","-4.65","7.22","52.01","true","false","425","1.000","true","true","simple","calendar","true","false"
"XDB/USD","DigitalBits","US Dollar","KuCoin","kucoin","0.0003","2026-01-17","6.80","23.85","16.97","-40.20","-68.06","36.25","-46.24","89.64","94.21","2.74","-7.81","7.04","67.93","true","false","425","1.000","true","true","simple","calendar","true","false"
"XDC/USD","XDC Network","US Dollar","Kucoin","kucoin","0.0442","2026-01-17","-0.25","-8.77","-6.09","-23.65","-68.82","-14.12","-44.98","34.29","64.82","-0.68","-4.32","3.89","29.90","true","false","425","1.000","true","true","simple","calendar","true","false"
"XEC/USD","eCash","US Dollar","Binance","binance","0.0000","2026-01-17","0.52","-0.17","11.60","-18.26","-70.08","6.50","-47.33","49.37","51.16","3.71","-3.05","5.06","37.11","true","false","425","1.000","true","true","simple","calendar","true","false"
"XLM/EUR","Stellar","Euro","Coinbase Pro","coinbase","0.1985","2026-01-17","1.77","1.91","10.82","-25.19","-58.15","11.82","-53.64","78.09","67.23","2.39","-3.89","5.53","39.62","true","false","425","1.000","true","true","simple","calendar","true","false"
"XLM/USD","Stellar","US Dollar","Binance","binance","0.2301","2026-01-17","1.81","1.63","9.21","-25.44","-52.82","10.25","-53.73","77.49","67.00","2.20","-3.94","5.77","39.16","true","false","425","1.000","true","true","simple","calendar","true","false"
"XMR/EUR","Monero","Euro","Kraken","kraken","508.2200","2026-01-17","-5.10","25.38","42.77","103.13","125.93","42.33","74.80","195.18","105.40","4.70","-5.19","9.58","19.39","true","false","425","1.000","true","true","simple","calendar","true","false"
"XPRT/USD","Persistence","US Dollar","Gate.io","gate.io","0.0239","2026-01-17","-1.47","-3.12","136.44","-8.29","-84.78","278.99","-32.04","117.36","318.11","4.73","-9.43","24.46","77.84","false","false","425","1.000","true","true","simple","calendar","true","false"
"XRP/EUR","XRP","Euro","BitStamp","bitstamp","1.7806","2026-01-17","-0.10","-0.88","12.30","-9.64","-44.31","11.44","-40.56","50.70","66.41","2.93","-2.60","5.28","32.20","true","false","425","1.000","true","true","simple","calendar","true","false"
"XRP/USD","XRP","US Dollar","Binance","binance","2.0623","2026-01-17","-0.27","-1.36","10.72","-10.08","-37.36","9.70","-40.76","49.73","65.62","2.72","-2.83","5.37","31.69","true","false","425","1.000","true","true","simple","calendar","true","false"
"XTZ/EUR","Tezos","Euro","Kraken","kraken","0.5179","2026-01-17","-2.71","3.98","38.07","4.63","-62.41","20.00","-10.61","82.48","65.72","6.71","-4.34","5.83","38.94","true","false","425","1.000","true","true","simple","calendar","true","false"
"XTZ/USD","Tezos","US Dollar","Binance","binance","0.6001","2026-01-17","-3.07","3.20","35.86","3.91","-57.68","18.29","-10.49","82.93","65.36","6.54","-4.45","6.08","38.33","true","false","425","1.000","true","true","simple","calendar","true","false"
"XVG/USD","Verge","US Dollar","Binance","binance","0.0071","2026-01-17","0.71","18.81","39.73","25.01","-49.21","22.51","-0.20","140.67","106.48","5.04","-7.31","9.40","44.91","true","false","425","1.000","true","true","simple","calendar","true","false"
"XVS/USD","Venus","US Dollar","Binance","binance","5.6800","2026-01-17","0.00","5.38","30.88","14.75","-41.44","30.28","-13.02","65.44","71.96","5.35","-3.18","4.64","25.25","true","false","425","1.000","true","true","simple","calendar","true","false"
"XYM/USD","Symbol","US Dollar","Gate.io","gate.io","0.0044","2026-01-17","0.43","-9.00","-19.58","-16.22","-74.91","-6.99","-48.73","22.81","36.53","-5.20","-3.46","5.82","35.88","false","false","425","1.000","true","true","simple","calendar","true","false"
"YFI/USD","yearn.finance","US Dollar","Binance","binance","3665.0000","2026-01-17","5.38","6.63","16.98","-21.28","-57.97","10.23","-38.39","74.56","58.85","3.33","-3.74","4.72","39.37","true","false","425","1.000","true","true","simple","calendar","true","false"
"YGG/USD","Yield Guild Games","US Dollar","Binance","binance","0.0758","2026-01-17","5.42","10.50","25.29","-46.62","-84.12","12.80","-58.67","105.60","73.52","4.83","-4.54","6.80","60.19","true","false","425","1.000","true","true","simple","calendar","true","false"
"ZIL/USD","Zilliqa","US Dollar","Binance","binance","0.0059","2026-01-17","2.62","10.94","26.72","-25.48","-75.13","16.67","-54.52","90.92","63.11","6.02","-3.70","6.61","46.38","true","false","425","1.000","true","true","simple","calendar","true","false"
"ZK/USD","zkSync","US Dollar","Binance","binance","0.0342","2026-01-17","-2.84","-1.41","25.79","-4.68","-82.04","10.81","-43.18","90.89","83.97","4.68","-4.45","9.04","66.27","true","false","425","1.000","true","true","simple","calendar","true","false"
"ZRC/USD","ZrCoin","US Dollar","Gate.io","gate.io","0.0029","2026-01-17","-12.07","-17.66","-31.07","-80.82","-95.99","-24.92","-89.03","102.31","87.15","-8.77","-12.07","9.11","82.19","false","false","425","1.000","true","true","simple","calendar","true","false"
"ZRX/USD","0x","US Dollar","Binance","binance","0.1495","2026-01-17","-3.92","5.36","20.56","-23.88","-72.74","8.65","-45.66","72.97","117.82","2.92","-4.37","5.97","46.83","true","false","425","1.000","true","true","simple","calendar","true","false"
"ZSC/USD","Zeusshield","US Dollar","Gate.io","gate.io","0.0001","2026-01-17","10.71","-9.26","192.78","62.52","22.20","196.97","78.69","198.30","365.63","4.29","-13.96","16.04","75.95","false","false","425","1.000","true","true","simple","calendar","true","false"